{"cameraMode":{"drawMode":0,"name":"Shaded","section":"Shading Mode"},"sceneLighting":true,"audioPlay":false,"sceneViewState":{"showFog":true,"showMaterialUpdate":false,"showSkybox":true,"showFlares":true,"showImageEffects":true,"showParticleSystems":true},"in2DMode":false,"pivot":{"x":-1.346076488494873,"y":14.74227523803711,"z":-10.222360610961914},"rotation":{"x":0.35013309121131899,"y":0.07185225933790207,"z":-0.026941681280732156,"w":0.9335762858390808},"size":52.49935531616211,"orthographic":false}