{"cameraMode":{"drawMode":0,"name":"Shaded","section":"Shading Mode"},"sceneLighting":true,"audioPlay":false,"sceneViewState":{"showFog":true,"showMaterialUpdate":false,"showSkybox":true,"showFlares":true,"showImageEffects":true,"showParticleSystems":true},"in2DMode":false,"pivot":{"x":-6.3017897605896,"y":10.603172302246094,"z":-15.319978713989258},"rotation":{"x":0.41976797580718996,"y":-0.04733288660645485,"z":0.021930908784270288,"w":0.9061568975448608},"size":28.19879722595215,"orthographic":false}