{"cameraMode":{"drawMode":0,"name":"Shaded","section":"Shading Mode"},"sceneLighting":true,"audioPlay":false,"sceneViewState":{"showFog":true,"showMaterialUpdate":false,"showSkybox":true,"showFlares":true,"showImageEffects":true,"showParticleSystems":true},"in2DMode":false,"pivot":{"x":8.80551528930664,"y":4.468647003173828,"z":-7.646371364593506},"rotation":{"x":0.2504937946796417,"y":-0.6328845024108887,"z":0.2276645004749298,"w":0.6963579654693604},"size":67.618408203125,"orthographic":false}